1;bulbasaur;69;7;grass;poison;overgrow;chlorophyll
2;ivysaur;130;10;grass;poison;overgrow;chlorophyll
3;venusaur;1000;20;grass;poison;overgrow;chlorophyll
4;charmander;85;6;fire;;blaze;solar-power
5;charmeleon;190;11;fire;;blaze;solar-power
6;charizard;905;17;fire;flying;blaze;solar-power
7;squirtle;90;5;water;;torrent;rain-dish
8;wartortle;225;10;water;;torrent;rain-dish
9;blastoise;855;16;water;;torrent;rain-dish
10;caterpie;29;3;bug;;shield-dust;run-away
11;metapod;99;7;bug;;shed-skin;
12;butterfree;320;11;bug;flying;compound-eyes;tinted-lens
13;weedle;32;3;bug;poison;shield-dust;run-away
14;kakuna;100;6;bug;poison;shed-skin;
15;beedrill;295;10;bug;poison;swarm;sniper
16;pidgey;18;3;normal;flying;keen-eye;tangled-feet
17;pidgeotto;300;11;normal;flying;keen-eye;tangled-feet
18;pidgeot;395;15;normal;flying;keen-eye;tangled-feet
19;rattata;35;3;normal;;run-away;guts
20;raticate;185;7;normal;;run-away;guts
21;spearow;20;3;normal;flying;keen-eye;sniper
22;fearow;380;12;normal;flying;keen-eye;sniper
23;ekans;69;20;poison;;intimidate;shed-skin
24;arbok;650;35;poison;;intimidate;shed-skin
25;pikachu;60;4;electric;;static;lightning-rod
26;raichu;300;8;electric;;static;lightning-rod
27;sandshrew;120;6;ground;;sand-veil;sand-rush
28;sandslash;295;10;ground;;sand-veil;sand-rush
29;nidoran-f;70;4;poison;;poison-point;rivalry
30;nidorina;200;8;poison;;poison-point;rivalry
31;nidoqueen;600;13;poison;ground;poison-point;rivalry
32;nidoran-m;90;5;poison;;poison-point;rivalry
33;nidorino;195;9;poison;;poison-point;rivalry
34;nidoking;620;14;poison;ground;poison-point;rivalry
35;clefairy;75;6;fairy;;cute-charm;magic-guard
36;clefable;400;13;fairy;;cute-charm;magic-guard
37;vulpix;99;6;fire;;flash-fire;drought
38;ninetales;199;11;fire;;flash-fire;drought
39;jigglypuff;55;5;normal;fairy;cute-charm;competitive
40;wigglytuff;120;10;normal;fairy;cute-charm;competitive
41;zubat;75;8;poison;flying;inner-focus;infiltrator
42;golbat;550;16;poison;flying;inner-focus;infiltrator
43;oddish;54;5;grass;poison;chlorophyll;run-away
44;gloom;86;8;grass;poison;chlorophyll;stench
45;vileplume;186;12;grass;poison;chlorophyll;effect-spore
46;paras;54;3;bug;grass;effect-spore;dry-skin
47;parasect;295;10;bug;grass;effect-spore;dry-skin
48;venonat;300;10;bug;poison;compound-eyes;tinted-lens
49;venomoth;125;15;bug;poison;shield-dust;tinted-lens
50;diglett;8;2;ground;;sand-veil;arena-trap
51;dugtrio;333;7;ground;;sand-veil;arena-trap
52;meowth;42;4;normal;;pickup;technician
53;persian;320;10;normal;;limber;technician
54;psyduck;196;8;water;;damp;cloud-nine
55;golduck;766;17;water;;damp;cloud-nine
56;mankey;280;5;fighting;;vital-spirit;anger-point
57;primeape;320;10;fighting;;vital-spirit;anger-point
58;growlithe;190;7;fire;;intimidate;flash-fire
59;arcanine;1550;19;fire;;intimidate;flash-fire
60;poliwag;124;6;water;;water-absorb;damp
61;poliwhirl;200;10;water;;water-absorb;damp
62;poliwrath;540;13;water;fighting;water-absorb;damp
63;abra;195;9;psychic;;synchronize;inner-focus
64;kadabra;565;13;psychic;;synchronize;inner-focus
65;alakazam;480;15;psychic;;synchronize;inner-focus
66;machop;195;8;fighting;;guts;no-guard
67;machoke;705;15;fighting;;guts;no-guard
68;machamp;1300;16;fighting;;guts;no-guard
69;bellsprout;40;7;grass;poison;chlorophyll;gluttony
70;weepinbell;64;10;grass;poison;chlorophyll;gluttony
71;victreebel;155;17;grass;poison;chlorophyll;gluttony
72;tentacool;455;9;water;poison;clear-body;liquid-ooze
73;tentacruel;550;16;water;poison;clear-body;liquid-ooze
74;geodude;200;4;rock;ground;rock-head;sturdy
75;graveler;1050;10;rock;ground;rock-head;sturdy
76;golem;3000;14;rock;ground;rock-head;sturdy
77;ponyta;300;10;fire;;run-away;flash-fire
78;rapidash;950;17;fire;;run-away;flash-fire
79;slowpoke;360;12;water;psychic;oblivious;own-tempo
80;slowbro;785;16;water;psychic;oblivious;own-tempo
81;magnemite;60;3;electric;steel;magnet-pull;sturdy
82;magneton;600;10;electric;steel;magnet-pull;sturdy
83;farfetchd;150;8;normal;flying;keen-eye;inner-focus
84;doduo;392;14;normal;flying;run-away;early-bird
85;dodrio;852;18;normal;flying;run-away;early-bird
86;seel;900;11;water;;thick-fat;hydration
87;dewgong;1200;17;water;ice;thick-fat;hydration
88;grimer;300;9;poison;;stench;sticky-hold
89;muk;300;12;poison;;stench;sticky-hold
90;shellder;40;3;water;;shell-armor;skill-link
91;cloyster;1325;15;water;ice;shell-armor;skill-link
92;gastly;1;13;ghost;poison;levitate;
93;haunter;1;16;ghost;poison;levitate;
94;gengar;405;15;ghost;poison;cursed-body;
95;onix;2100;88;rock;ground;rock-head;sturdy
96;drowzee;324;10;psychic;;insomnia;forewarn
97;hypno;756;16;psychic;;insomnia;forewarn
98;krabby;65;4;water;;hyper-cutter;shell-armor
99;kingler;600;13;water;;hyper-cutter;shell-armor
100;voltorb;104;5;electric;;soundproof;static
101;electrode;666;12;electric;;soundproof;static
102;exeggcute;25;4;grass;psychic;chlorophyll;harvest
103;exeggutor;1200;20;grass;psychic;chlorophyll;harvest
104;cubone;65;4;ground;;rock-head;lightning-rod
105;marowak;450;10;ground;;rock-head;lightning-rod
106;hitmonlee;498;15;fighting;;limber;reckless
107;hitmonchan;502;14;fighting;;keen-eye;iron-fist
108;lickitung;655;12;normal;;own-tempo;oblivious
109;koffing;10;6;poison;;levitate;neutralizing-gas
110;weezing;95;12;poison;;levitate;neutralizing-gas
111;rhyhorn;1150;10;ground;rock;lightning-rod;rock-head
112;rhydon;1200;19;ground;rock;lightning-rod;rock-head
113;chansey;346;11;normal;;natural-cure;serene-grace
114;tangela;350;10;grass;;chlorophyll;leaf-guard
115;kangaskhan;800;22;normal;;early-bird;scrappy
116;horsea;80;4;water;;swift-swim;sniper
117;seadra;250;12;water;;poison-point;sniper
118;goldeen;150;6;water;;swift-swim;water-veil
119;seaking;390;13;water;;swift-swim;water-veil
120;staryu;345;8;water;;illuminate;natural-cure
121;starmie;800;11;water;psychic;illuminate;natural-cure
122;mr-mime;545;13;psychic;fairy;soundproof;filter
123;scyther;560;15;bug;flying;swarm;technician
124;jynx;406;14;ice;psychic;oblivious;forewarn
125;electabuzz;300;11;electric;;static;vital-spirit
126;magmar;445;13;fire;;flame-body;vital-spirit
127;pinsir;550;15;bug;;hyper-cutter;mold-breaker
128;tauros;884;14;normal;;intimidate;anger-point
129;magikarp;100;9;water;;swift-swim;rattled
130;gyarados;2350;65;water;flying;intimidate;moxie
131;lapras;2200;25;water;ice;water-absorb;shell-armor
132;ditto;40;3;normal;;limber;imposter
133;eevee;65;3;normal;;run-away;adaptability
134;vaporeon;290;10;water;;water-absorb;hydration
135;jolteon;245;8;electric;;volt-absorb;quick-feet
136;flareon;250;9;fire;;flash-fire;guts
137;porygon;365;8;normal;;trace;download
138;omanyte;75;4;rock;water;swift-swim;shell-armor
139;omastar;350;10;rock;water;swift-swim;shell-armor
140;kabuto;115;5;rock;water;swift-swim;battle-armor
141;kabutops;405;13;rock;water;swift-swim;battle-armor
142;aerodactyl;590;18;rock;flying;rock-head;pressure
143;snorlax;4600;21;normal;;immunity;thick-fat
144;articuno;554;17;ice;flying;pressure;snow-cloak
145;zapdos;526;16;electric;flying;pressure;static
146;moltres;600;20;fire;flying;pressure;flame-body
147;dratini;33;18;dragon;;shed-skin;marvel-scale
148;dragonair;165;40;dragon;;shed-skin;marvel-scale
149;dragonite;2100;22;dragon;flying;inner-focus;multiscale
150;mewtwo;1220;20;psychic;;pressure;unnerve
151;mew;40;4;psychic;;synchronize;
152;chikorita;64;9;grass;;overgrow;leaf-guard
153;bayleef;158;12;grass;;overgrow;leaf-guard
154;meganium;1005;18;grass;;overgrow;leaf-guard
155;cyndaquil;79;5;fire;;blaze;flash-fire
156;quilava;190;9;fire;;blaze;flash-fire
157;typhlosion;795;17;fire;;blaze;flash-fire
158;totodile;95;6;water;;torrent;sheer-force
159;croconaw;250;11;water;;torrent;sheer-force
160;feraligatr;888;23;water;;torrent;sheer-force
161;sentret;60;8;normal;;run-away;keen-eye
162;furret;325;18;normal;;run-away;keen-eye
163;hoothoot;212;7;normal;flying;insomnia;keen-eye
164;noctowl;408;16;normal;flying;insomnia;keen-eye
165;ledyba;108;10;bug;flying;swarm;early-bird
166;ledian;356;14;bug;flying;swarm;early-bird
167;spinarak;85;5;bug;poison;swarm;insomnia
168;ariados;335;11;bug;poison;swarm;insomnia
169;crobat;750;18;poison;flying;inner-focus;infiltrator
170;chinchou;120;5;water;electric;volt-absorb;illuminate
171;lanturn;225;12;water;electric;volt-absorb;illuminate
172;pichu;20;3;electric;;static;lightning-rod
173;cleffa;30;3;fairy;;cute-charm;magic-guard
174;igglybuff;10;3;normal;fairy;cute-charm;competitive
175;togepi;15;3;fairy;;hustle;serene-grace
176;togetic;32;6;fairy;flying;hustle;serene-grace
177;natu;20;2;psychic;flying;synchronize;early-bird
178;xatu;150;15;psychic;flying;synchronize;early-bird
179;mareep;78;6;electric;;static;plus
180;flaaffy;133;8;electric;;static;plus
181;ampharos;615;14;electric;;static;plus
182;bellossom;58;4;grass;;chlorophyll;healer
183;marill;85;4;water;fairy;thick-fat;huge-power
184;azumarill;285;8;water;fairy;thick-fat;huge-power
185;sudowoodo;380;12;rock;;sturdy;rock-head
186;politoed;339;11;water;;water-absorb;damp
187;hoppip;5;4;grass;flying;chlorophyll;leaf-guard
188;skiploom;10;6;grass;flying;chlorophyll;leaf-guard
189;jumpluff;30;8;grass;flying;chlorophyll;leaf-guard
190;aipom;115;8;normal;;run-away;pickup
191;sunkern;18;3;grass;;chlorophyll;solar-power
192;sunflora;85;8;grass;;chlorophyll;solar-power
193;yanma;380;12;bug;flying;speed-boost;compound-eyes
194;wooper;85;4;water;ground;damp;water-absorb
195;quagsire;750;14;water;ground;damp;water-absorb
196;espeon;265;9;psychic;;synchronize;magic-bounce
197;umbreon;270;10;dark;;synchronize;inner-focus
198;murkrow;21;5;dark;flying;insomnia;super-luck
199;slowking;795;20;water;psychic;oblivious;own-tempo
200;misdreavus;10;7;ghost;;levitate;
201;unown;50;5;psychic;;levitate;
202;wobbuffet;285;13;psychic;;shadow-tag;telepathy
203;girafarig;415;15;normal;psychic;inner-focus;early-bird
204;pineco;72;6;bug;;sturdy;overcoat
205;forretress;1258;12;bug;steel;sturdy;overcoat
206;dunsparce;140;15;normal;;serene-grace;run-away
207;gligar;648;11;ground;flying;hyper-cutter;sand-veil
208;steelix;4000;92;steel;ground;rock-head;sturdy
209;snubbull;78;6;fairy;;intimidate;run-away
210;granbull;487;14;fairy;;intimidate;quick-feet
211;qwilfish;39;5;water;poison;poison-point;swift-swim
212;scizor;1180;18;bug;steel;swarm;technician
213;shuckle;205;6;bug;rock;sturdy;gluttony
214;heracross;540;15;bug;fighting;swarm;guts
215;sneasel;280;9;dark;ice;inner-focus;keen-eye
216;teddiursa;88;6;normal;;pickup;quick-feet
217;ursaring;1258;18;normal;;guts;quick-feet
218;slugma;350;7;fire;;magma-armor;flame-body
219;magcargo;550;8;fire;rock;magma-armor;flame-body
220;swinub;65;4;ice;ground;oblivious;snow-cloak
221;piloswine;558;11;ice;ground;oblivious;snow-cloak
222;corsola;50;6;water;rock;hustle;natural-cure
223;remoraid;120;6;water;;hustle;sniper
224;octillery;285;9;water;;suction-cups;sniper
225;delibird;160;9;ice;flying;vital-spirit;hustle
226;mantine;2200;21;water;flying;swift-swim;water-absorb
227;skarmory;505;17;steel;flying;keen-eye;sturdy
228;houndour;108;6;dark;fire;early-bird;flash-fire
229;houndoom;350;14;dark;fire;early-bird;flash-fire
230;kingdra;1520;18;water;dragon;swift-swim;sniper
231;phanpy;335;5;ground;;pickup;sand-veil
232;donphan;1200;11;ground;;sturdy;sand-veil
233;porygon2;325;6;normal;;trace;download
234;stantler;712;14;normal;;intimidate;frisk
235;smeargle;580;12;normal;;own-tempo;technician
236;tyrogue;210;7;fighting;;guts;steadfast
237;hitmontop;480;14;fighting;;intimidate;technician
238;smoochum;60;4;ice;psychic;oblivious;forewarn
239;elekid;235;6;electric;;static;vital-spirit
240;magby;214;7;fire;;flame-body;vital-spirit
241;miltank;755;12;normal;;thick-fat;scrappy
242;blissey;468;15;normal;;natural-cure;serene-grace
243;raikou;1780;19;electric;;pressure;inner-focus
244;entei;1980;21;fire;;pressure;inner-focus
245;suicune;1870;20;water;;pressure;inner-focus
246;larvitar;720;6;rock;ground;guts;sand-veil
247;pupitar;1520;12;rock;ground;shed-skin;
248;tyranitar;2020;20;rock;dark;sand-stream;unnerve
249;lugia;2160;52;psychic;flying;pressure;multiscale
250;ho-oh;1990;38;fire;flying;pressure;regenerator
251;celebi;50;6;psychic;grass;natural-cure;
252;treecko;50;5;grass;;overgrow;unburden
253;grovyle;216;9;grass;;overgrow;unburden
254;sceptile;522;17;grass;;overgrow;unburden
255;torchic;25;4;fire;;blaze;speed-boost
256;combusken;195;9;fire;fighting;blaze;speed-boost
257;blaziken;520;19;fire;fighting;blaze;speed-boost
258;mudkip;76;4;water;;torrent;damp
259;marshtomp;280;7;water;ground;torrent;damp
260;swampert;819;15;water;ground;torrent;damp
261;poochyena;136;5;dark;;run-away;quick-feet
262;mightyena;370;10;dark;;intimidate;quick-feet
263;zigzagoon;175;4;normal;;pickup;gluttony
264;linoone;325;5;normal;;pickup;gluttony
265;wurmple;36;3;bug;;shield-dust;run-away
266;silcoon;100;6;bug;;shed-skin;
267;beautifly;284;10;bug;flying;swarm;rivalry
268;cascoon;115;7;bug;;shed-skin;
269;dustox;316;12;bug;poison;shield-dust;compound-eyes
270;lotad;26;5;water;grass;swift-swim;rain-dish
271;lombre;325;12;water;grass;swift-swim;rain-dish
272;ludicolo;550;15;water;grass;swift-swim;rain-dish
273;seedot;40;5;grass;;chlorophyll;early-bird
274;nuzleaf;280;10;grass;dark;chlorophyll;early-bird
275;shiftry;596;13;grass;dark;chlorophyll;wind-rider
276;taillow;23;3;normal;flying;guts;scrappy
277;swellow;198;7;normal;flying;guts;scrappy
278;wingull;95;6;water;flying;keen-eye;hydration
279;pelipper;280;12;water;flying;keen-eye;drizzle
280;ralts;66;4;psychic;fairy;synchronize;trace
281;kirlia;202;8;psychic;fairy;synchronize;trace
282;gardevoir;484;16;psychic;fairy;synchronize;trace
283;surskit;17;5;bug;water;swift-swim;rain-dish
284;masquerain;36;8;bug;flying;intimidate;unnerve
285;shroomish;45;4;grass;;effect-spore;poison-heal
286;breloom;392;12;grass;fighting;effect-spore;poison-heal
287;slakoth;240;8;normal;;truant;
288;vigoroth;465;14;normal;;vital-spirit;
289;slaking;1305;20;normal;;truant;
290;nincada;55;5;bug;ground;compound-eyes;run-away
291;ninjask;120;8;bug;flying;speed-boost;infiltrator
292;shedinja;12;8;bug;ghost;wonder-guard;
293;whismur;163;6;normal;;soundproof;rattled
294;loudred;405;10;normal;;soundproof;scrappy
295;exploud;840;15;normal;;soundproof;scrappy
296;makuhita;864;10;fighting;;thick-fat;guts
297;hariyama;2538;23;fighting;;thick-fat;guts
298;azurill;20;2;normal;fairy;thick-fat;huge-power
299;nosepass;970;10;rock;;sturdy;magnet-pull
300;skitty;110;6;normal;;cute-charm;normalize
301;delcatty;326;11;normal;;cute-charm;normalize
302;sableye;110;5;dark;ghost;keen-eye;stall
303;mawile;115;6;steel;fairy;hyper-cutter;intimidate
304;aron;600;4;steel;rock;sturdy;rock-head
305;lairon;1200;9;steel;rock;sturdy;rock-head
306;aggron;3600;21;steel;rock;sturdy;rock-head
307;meditite;112;6;fighting;psychic;pure-power;telepathy
308;medicham;315;13;fighting;psychic;pure-power;telepathy
309;electrike;152;6;electric;;static;lightning-rod
310;manectric;402;15;electric;;static;lightning-rod
311;plusle;42;4;electric;;plus;lightning-rod
312;minun;42;4;electric;;minus;volt-absorb
313;volbeat;177;7;bug;;illuminate;swarm
314;illumise;177;6;bug;;oblivious;tinted-lens
315;roselia;20;3;grass;poison;natural-cure;poison-point
316;gulpin;103;4;poison;;liquid-ooze;sticky-hold
317;swalot;800;17;poison;;liquid-ooze;sticky-hold
318;carvanha;208;8;water;dark;rough-skin;speed-boost
319;sharpedo;888;18;water;dark;rough-skin;speed-boost
320;wailmer;1300;20;water;;water-veil;oblivious
321;wailord;3980;145;water;;water-veil;oblivious
322;numel;240;7;fire;ground;oblivious;simple
323;camerupt;2200;19;fire;ground;magma-armor;solid-rock
324;torkoal;804;5;fire;;white-smoke;drought
325;spoink;306;7;psychic;;thick-fat;own-tempo
326;grumpig;715;9;psychic;;thick-fat;own-tempo
327;spinda;50;11;normal;;own-tempo;tangled-feet
328;trapinch;150;7;ground;;hyper-cutter;arena-trap
329;vibrava;153;11;ground;dragon;levitate;
330;flygon;820;20;ground;dragon;levitate;
331;cacnea;513;4;grass;;sand-veil;water-absorb
332;cacturne;774;13;grass;dark;sand-veil;water-absorb
333;swablu;12;4;normal;flying;natural-cure;cloud-nine
334;altaria;206;11;dragon;flying;natural-cure;cloud-nine
335;zangoose;403;13;normal;;immunity;toxic-boost
336;seviper;525;27;poison;;shed-skin;infiltrator
337;lunatone;1680;10;rock;psychic;levitate;
338;solrock;1540;12;rock;psychic;levitate;
339;barboach;19;4;water;ground;oblivious;anticipation
340;whiscash;236;9;water;ground;oblivious;anticipation
341;corphish;115;6;water;;hyper-cutter;shell-armor
342;crawdaunt;328;11;water;dark;hyper-cutter;shell-armor
343;baltoy;215;5;ground;psychic;levitate;
344;claydol;1080;15;ground;psychic;levitate;
345;lileep;238;10;rock;grass;suction-cups;storm-drain
346;cradily;604;15;rock;grass;suction-cups;storm-drain
347;anorith;125;7;rock;bug;battle-armor;swift-swim
348;armaldo;682;15;rock;bug;battle-armor;swift-swim
349;feebas;74;6;water;;swift-swim;oblivious
350;milotic;1620;62;water;;marvel-scale;competitive
351;castform;8;3;normal;;forecast;
352;kecleon;220;10;normal;;color-change;protean
353;shuppet;23;6;ghost;;insomnia;frisk
354;banette;125;11;ghost;;insomnia;frisk
355;duskull;150;8;ghost;;levitate;frisk
356;dusclops;306;16;ghost;;pressure;frisk
357;tropius;1000;20;grass;flying;chlorophyll;solar-power
358;chimecho;10;6;psychic;;levitate;
359;absol;470;12;dark;;pressure;super-luck
360;wynaut;140;6;psychic;;shadow-tag;telepathy
361;snorunt;168;7;ice;;inner-focus;ice-body
362;glalie;2565;15;ice;;inner-focus;ice-body
363;spheal;395;8;ice;water;thick-fat;ice-body
364;sealeo;876;11;ice;water;thick-fat;ice-body
365;walrein;1506;14;ice;water;thick-fat;ice-body
366;clamperl;525;4;water;;shell-armor;rattled
367;huntail;270;17;water;;swift-swim;water-veil
368;gorebyss;226;18;water;;swift-swim;hydration
369;relicanth;234;10;water;rock;swift-swim;rock-head
370;luvdisc;87;6;water;;swift-swim;hydration
371;bagon;421;6;dragon;;rock-head;sheer-force
372;shelgon;1105;11;dragon;;rock-head;overcoat
373;salamence;1026;15;dragon;flying;intimidate;moxie
374;beldum;952;6;steel;psychic;clear-body;light-metal
375;metang;2025;12;steel;psychic;clear-body;light-metal
376;metagross;5500;16;steel;psychic;clear-body;light-metal
377;regirock;2300;17;rock;;clear-body;sturdy
378;regice;1750;18;ice;;clear-body;ice-body
379;registeel;2050;19;steel;;clear-body;light-metal
380;latias;400;14;dragon;psychic;levitate;
381;latios;600;20;dragon;psychic;levitate;
382;kyogre;3520;45;water;;drizzle;
383;groudon;9500;35;ground;;drought;
384;rayquaza;2065;70;dragon;flying;air-lock;
385;jirachi;11;3;steel;psychic;serene-grace;
386;deoxys-normal;608;17;psychic;;pressure;
387;turtwig;102;4;grass;;overgrow;shell-armor
388;grotle;970;11;grass;;overgrow;shell-armor
389;torterra;3100;22;grass;ground;overgrow;shell-armor
390;chimchar;62;5;fire;;blaze;iron-fist
391;monferno;220;9;fire;fighting;blaze;iron-fist
392;infernape;550;12;fire;fighting;blaze;iron-fist
393;piplup;52;4;water;;torrent;competitive
394;prinplup;230;8;water;;torrent;competitive
395;empoleon;845;17;water;steel;torrent;competitive
396;starly;20;3;normal;flying;keen-eye;reckless
397;staravia;155;6;normal;flying;intimidate;reckless
398;staraptor;249;12;normal;flying;intimidate;reckless
399;bidoof;200;5;normal;;simple;unaware
400;bibarel;315;10;normal;water;simple;unaware
401;kricketot;22;3;bug;;shed-skin;run-away
402;kricketune;255;10;bug;;swarm;technician
403;shinx;95;5;electric;;rivalry;intimidate
404;luxio;305;9;electric;;rivalry;intimidate
405;luxray;420;14;electric;;rivalry;intimidate
406;budew;12;2;grass;poison;natural-cure;poison-point
407;roserade;145;9;grass;poison;natural-cure;poison-point
408;cranidos;315;9;rock;;mold-breaker;sheer-force
409;rampardos;1025;16;rock;;mold-breaker;sheer-force
410;shieldon;570;5;rock;steel;sturdy;soundproof
411;bastiodon;1495;13;rock;steel;sturdy;soundproof
412;burmy;34;2;bug;;shed-skin;overcoat
413;wormadam-plant;65;5;bug;grass;anticipation;overcoat
414;mothim;233;9;bug;flying;swarm;tinted-lens
415;combee;55;3;bug;flying;honey-gather;hustle
416;vespiquen;385;12;bug;flying;pressure;unnerve
417;pachirisu;39;4;electric;;run-away;pickup
418;buizel;295;7;water;;swift-swim;water-veil
419;floatzel;335;11;water;;swift-swim;water-veil
420;cherubi;33;4;grass;;chlorophyll;
421;cherrim;93;5;grass;;flower-gift;
422;shellos;63;3;water;;sticky-hold;storm-drain
423;gastrodon;299;9;water;ground;sticky-hold;storm-drain
424;ambipom;203;12;normal;;technician;pickup
425;drifloon;12;4;ghost;flying;aftermath;unburden
426;drifblim;150;12;ghost;flying;aftermath;unburden
427;buneary;55;4;normal;;run-away;klutz
428;lopunny;333;12;normal;;cute-charm;klutz
429;mismagius;44;9;ghost;;levitate;
430;honchkrow;273;9;dark;flying;insomnia;super-luck
431;glameow;39;5;normal;;limber;own-tempo
432;purugly;438;10;normal;;thick-fat;own-tempo
433;chingling;6;2;psychic;;levitate;
434;stunky;192;4;poison;dark;stench;aftermath
435;skuntank;380;10;poison;dark;stench;aftermath
436;bronzor;605;5;steel;psychic;levitate;heatproof
437;bronzong;1870;13;steel;psychic;levitate;heatproof
438;bonsly;150;5;rock;;sturdy;rock-head
439;mime-jr;130;6;psychic;fairy;soundproof;filter
440;happiny;244;6;normal;;natural-cure;serene-grace
441;chatot;19;5;normal;flying;keen-eye;tangled-feet
442;spiritomb;1080;10;ghost;dark;pressure;infiltrator
443;gible;205;7;dragon;ground;sand-veil;rough-skin
444;gabite;560;14;dragon;ground;sand-veil;rough-skin
445;garchomp;950;19;dragon;ground;sand-veil;rough-skin
446;munchlax;1050;6;normal;;pickup;thick-fat
447;riolu;202;7;fighting;;steadfast;inner-focus
448;lucario;540;12;fighting;steel;steadfast;inner-focus
449;hippopotas;495;8;ground;;sand-stream;sand-force
450;hippowdon;3000;20;ground;;sand-stream;sand-force
451;skorupi;120;8;poison;bug;battle-armor;sniper
452;drapion;615;13;poison;dark;battle-armor;sniper
453;croagunk;230;7;poison;fighting;anticipation;dry-skin
454;toxicroak;444;13;poison;fighting;anticipation;dry-skin
455;carnivine;270;14;grass;;levitate;
456;finneon;70;4;water;;swift-swim;storm-drain
457;lumineon;240;12;water;;swift-swim;storm-drain
458;mantyke;650;10;water;flying;swift-swim;water-absorb
459;snover;505;10;grass;ice;snow-warning;soundproof
460;abomasnow;1355;22;grass;ice;snow-warning;soundproof
461;weavile;340;11;dark;ice;pressure;pickpocket
462;magnezone;1800;12;electric;steel;magnet-pull;sturdy
463;lickilicky;1400;17;normal;;own-tempo;oblivious
464;rhyperior;2828;24;ground;rock;lightning-rod;solid-rock
465;tangrowth;1286;20;grass;;chlorophyll;leaf-guard
466;electivire;1386;18;electric;;motor-drive;vital-spirit
467;magmortar;680;16;fire;;flame-body;vital-spirit
468;togekiss;380;15;fairy;flying;hustle;serene-grace
469;yanmega;515;19;bug;flying;speed-boost;tinted-lens
470;leafeon;255;10;grass;;leaf-guard;chlorophyll
471;glaceon;259;8;ice;;snow-cloak;ice-body
472;gliscor;425;20;ground;flying;hyper-cutter;sand-veil
473;mamoswine;2910;25;ice;ground;oblivious;snow-cloak
474;porygon-z;340;9;normal;;adaptability;download
475;gallade;520;16;psychic;fighting;steadfast;sharpness
476;probopass;3400;14;rock;steel;sturdy;magnet-pull
477;dusknoir;1066;22;ghost;;pressure;frisk
478;froslass;266;13;ice;ghost;snow-cloak;cursed-body
479;rotom;3;3;electric;ghost;levitate;
480;uxie;3;3;psychic;;levitate;
481;mesprit;3;3;psychic;;levitate;
482;azelf;3;3;psychic;;levitate;
483;dialga;6830;54;steel;dragon;pressure;telepathy
484;palkia;3360;42;water;dragon;pressure;telepathy
485;heatran;4300;17;fire;steel;flash-fire;flame-body
486;regigigas;4200;37;normal;;slow-start;
487;giratina-altered;7500;45;ghost;dragon;pressure;telepathy
488;cresselia;856;15;psychic;;levitate;
489;phione;31;4;water;;hydration;
490;manaphy;14;3;water;;hydration;
491;darkrai;505;15;dark;;bad-dreams;
492;shaymin-land;21;2;grass;;natural-cure;
493;arceus;3200;32;normal;;multitype;
494;victini;40;4;psychic;fire;victory-star;
495;snivy;81;6;grass;;overgrow;contrary
496;servine;160;8;grass;;overgrow;contrary
497;serperior;630;33;grass;;overgrow;contrary
498;tepig;99;5;fire;;blaze;thick-fat
499;pignite;555;10;fire;fighting;blaze;thick-fat
500;emboar;1500;16;fire;fighting;blaze;reckless
501;oshawott;59;5;water;;torrent;shell-armor
502;dewott;245;8;water;;torrent;shell-armor
503;samurott;946;15;water;;torrent;shell-armor
504;patrat;116;5;normal;;run-away;keen-eye
505;watchog;270;11;normal;;illuminate;keen-eye
506;lillipup;41;4;normal;;vital-spirit;pickup
507;herdier;147;9;normal;;intimidate;sand-rush
508;stoutland;610;12;normal;;intimidate;sand-rush
509;purrloin;101;4;dark;;limber;unburden
510;liepard;375;11;dark;;limber;unburden
511;pansage;105;6;grass;;gluttony;overgrow
512;simisage;305;11;grass;;gluttony;overgrow
513;pansear;110;6;fire;;gluttony;blaze
514;simisear;280;10;fire;;gluttony;blaze
515;panpour;135;6;water;;gluttony;torrent
516;simipour;290;10;water;;gluttony;torrent
517;munna;233;6;psychic;;forewarn;synchronize
518;musharna;605;11;psychic;;forewarn;synchronize
519;pidove;21;3;normal;flying;big-pecks;super-luck
520;tranquill;150;6;normal;flying;big-pecks;super-luck
521;unfezant;290;12;normal;flying;big-pecks;super-luck
522;blitzle;298;8;electric;;lightning-rod;motor-drive
523;zebstrika;795;16;electric;;lightning-rod;motor-drive
524;roggenrola;180;4;rock;;sturdy;weak-armor
525;boldore;1020;9;rock;;sturdy;weak-armor
526;gigalith;2600;17;rock;;sturdy;sand-stream
527;woobat;21;4;psychic;flying;unaware;klutz
528;swoobat;105;9;psychic;flying;unaware;klutz
529;drilbur;85;3;ground;;sand-rush;sand-force
530;excadrill;404;7;ground;steel;sand-rush;sand-force
531;audino;310;11;normal;;healer;regenerator
532;timburr;125;6;fighting;;guts;sheer-force
533;gurdurr;400;12;fighting;;guts;sheer-force
534;conkeldurr;870;14;fighting;;guts;sheer-force
535;tympole;45;5;water;;swift-swim;hydration
536;palpitoad;170;8;water;ground;swift-swim;hydration
537;seismitoad;620;15;water;ground;swift-swim;poison-touch
538;throh;555;13;fighting;;guts;inner-focus
539;sawk;510;14;fighting;;sturdy;inner-focus
540;sewaddle;25;3;bug;grass;swarm;chlorophyll
541;swadloon;73;5;bug;grass;leaf-guard;chlorophyll
542;leavanny;205;12;bug;grass;swarm;chlorophyll
543;venipede;53;4;bug;poison;poison-point;swarm
544;whirlipede;585;12;bug;poison;poison-point;swarm
545;scolipede;2005;25;bug;poison;poison-point;swarm
546;cottonee;6;3;grass;fairy;prankster;infiltrator
547;whimsicott;66;7;grass;fairy;prankster;infiltrator
548;petilil;66;5;grass;;chlorophyll;own-tempo
549;lilligant;163;11;grass;;chlorophyll;own-tempo
550;basculin-red-striped;180;10;water;;reckless;adaptability
551;sandile;152;7;ground;dark;intimidate;moxie
552;krokorok;334;10;ground;dark;intimidate;moxie
553;krookodile;963;15;ground;dark;intimidate;moxie
554;darumaka;375;6;fire;;hustle;inner-focus
555;darmanitan-standard;929;13;fire;;sheer-force;zen-mode
556;maractus;280;10;grass;;water-absorb;chlorophyll
557;dwebble;145;3;bug;rock;sturdy;shell-armor
558;crustle;2000;14;bug;rock;sturdy;shell-armor
559;scraggy;118;6;dark;fighting;shed-skin;moxie
560;scrafty;300;11;dark;fighting;shed-skin;moxie
561;sigilyph;140;14;psychic;flying;wonder-skin;magic-guard
562;yamask;15;5;ghost;;mummy;
563;cofagrigus;765;17;ghost;;mummy;
564;tirtouga;165;7;water;rock;solid-rock;sturdy
565;carracosta;810;12;water;rock;solid-rock;sturdy
566;archen;95;5;rock;flying;defeatist;
567;archeops;320;14;rock;flying;defeatist;
568;trubbish;310;6;poison;;stench;sticky-hold
569;garbodor;1073;19;poison;;stench;weak-armor
570;zorua;125;7;dark;;illusion;
571;zoroark;811;16;dark;;illusion;
572;minccino;58;4;normal;;cute-charm;technician
573;cinccino;75;5;normal;;cute-charm;technician
574;gothita;58;4;psychic;;frisk;competitive
575;gothorita;180;7;psychic;;frisk;competitive
576;gothitelle;440;15;psychic;;frisk;competitive
577;solosis;10;3;psychic;;overcoat;magic-guard
578;duosion;80;6;psychic;;overcoat;magic-guard
579;reuniclus;201;10;psychic;;overcoat;magic-guard
580;ducklett;55;5;water;flying;keen-eye;big-pecks
581;swanna;242;13;water;flying;keen-eye;big-pecks
582;vanillite;57;4;ice;;ice-body;snow-cloak
583;vanillish;410;11;ice;;ice-body;snow-cloak
584;vanilluxe;575;13;ice;;ice-body;snow-warning
585;deerling;195;6;normal;grass;chlorophyll;sap-sipper
586;sawsbuck;925;19;normal;grass;chlorophyll;sap-sipper
587;emolga;50;4;electric;flying;static;motor-drive
588;karrablast;59;5;bug;;swarm;shed-skin
589;escavalier;330;10;bug;steel;swarm;shell-armor
590;foongus;10;2;grass;poison;effect-spore;regenerator
591;amoonguss;105;6;grass;poison;effect-spore;regenerator
592;frillish;330;12;water;ghost;water-absorb;cursed-body
593;jellicent;1350;22;water;ghost;water-absorb;cursed-body
594;alomomola;316;12;water;;healer;hydration
595;joltik;6;1;bug;electric;compound-eyes;unnerve
596;galvantula;143;8;bug;electric;compound-eyes;unnerve
597;ferroseed;188;6;grass;steel;iron-barbs;
598;ferrothorn;1100;10;grass;steel;iron-barbs;anticipation
599;klink;210;3;steel;;plus;minus
600;klang;510;6;steel;;plus;minus
601;klinklang;810;6;steel;;plus;minus
602;tynamo;3;2;electric;;levitate;
603;eelektrik;220;12;electric;;levitate;
604;eelektross;805;21;electric;;levitate;
605;elgyem;90;5;psychic;;telepathy;synchronize
606;beheeyem;345;10;psychic;;telepathy;synchronize
607;litwick;31;3;ghost;fire;flash-fire;flame-body
608;lampent;130;6;ghost;fire;flash-fire;flame-body
609;chandelure;343;10;ghost;fire;flash-fire;flame-body
610;axew;180;6;dragon;;rivalry;mold-breaker
611;fraxure;360;10;dragon;;rivalry;mold-breaker
612;haxorus;1055;18;dragon;;rivalry;mold-breaker
613;cubchoo;85;5;ice;;snow-cloak;slush-rush
614;beartic;2600;26;ice;;snow-cloak;slush-rush
615;cryogonal;1480;11;ice;;levitate;
616;shelmet;77;4;bug;;hydration;shell-armor
617;accelgor;253;8;bug;;hydration;sticky-hold
618;stunfisk;110;7;ground;electric;static;limber
619;mienfoo;200;9;fighting;;inner-focus;regenerator
620;mienshao;355;14;fighting;;inner-focus;regenerator
621;druddigon;1390;16;dragon;;rough-skin;sheer-force
622;golett;920;10;ground;ghost;iron-fist;klutz
623;golurk;3300;28;ground;ghost;iron-fist;klutz
624;pawniard;102;5;dark;steel;defiant;inner-focus
625;bisharp;700;16;dark;steel;defiant;inner-focus
626;bouffalant;946;16;normal;;reckless;sap-sipper
627;rufflet;105;5;normal;flying;keen-eye;sheer-force
628;braviary;410;15;normal;flying;keen-eye;sheer-force
629;vullaby;90;5;dark;flying;big-pecks;overcoat
630;mandibuzz;395;12;dark;flying;big-pecks;overcoat
631;heatmor;580;14;fire;;gluttony;flash-fire
632;durant;330;3;bug;steel;swarm;hustle
633;deino;173;8;dark;dragon;hustle;
634;zweilous;500;14;dark;dragon;hustle;
635;hydreigon;1600;18;dark;dragon;levitate;
636;larvesta;288;11;bug;fire;flame-body;swarm
637;volcarona;460;16;bug;fire;flame-body;swarm
638;cobalion;2500;21;steel;fighting;justified;
639;terrakion;2600;19;rock;fighting;justified;
640;virizion;2000;20;grass;fighting;justified;
641;tornadus-incarnate;630;15;flying;;prankster;defiant
642;thundurus-incarnate;610;15;electric;flying;prankster;defiant
643;reshiram;3300;32;dragon;fire;turboblaze;
644;zekrom;3450;29;dragon;electric;teravolt;
645;landorus-incarnate;680;15;ground;flying;sand-force;sheer-force
646;kyurem;3250;30;dragon;ice;pressure;
647;keldeo-ordinary;485;14;water;fighting;justified;
648;meloetta-aria;65;6;normal;psychic;serene-grace;
649;genesect;825;15;bug;steel;download;
650;chespin;90;4;grass;;overgrow;bulletproof
651;quilladin;290;7;grass;;overgrow;bulletproof
652;chesnaught;900;16;grass;fighting;overgrow;bulletproof
653;fennekin;94;4;fire;;blaze;magician
654;braixen;145;10;fire;;blaze;magician
655;delphox;390;15;fire;psychic;blaze;magician
656;froakie;70;3;water;;torrent;protean
657;frogadier;109;6;water;;torrent;protean
658;greninja;400;15;water;dark;torrent;protean
659;bunnelby;50;4;normal;;pickup;cheek-pouch
660;diggersby;424;10;normal;ground;pickup;cheek-pouch
661;fletchling;17;3;normal;flying;big-pecks;gale-wings
662;fletchinder;160;7;fire;flying;flame-body;gale-wings
663;talonflame;245;12;fire;flying;flame-body;gale-wings
664;scatterbug;25;3;bug;;shield-dust;compound-eyes
665;spewpa;84;3;bug;;shed-skin;friend-guard
666;vivillon;170;12;bug;flying;shield-dust;compound-eyes
667;litleo;135;6;fire;normal;rivalry;unnerve
668;pyroar;815;15;fire;normal;rivalry;unnerve
669;flabebe;1;1;fairy;;flower-veil;symbiosis
670;floette;9;2;fairy;;flower-veil;symbiosis
671;florges;100;11;fairy;;flower-veil;symbiosis
672;skiddo;310;9;grass;;sap-sipper;grass-pelt
673;gogoat;910;17;grass;;sap-sipper;grass-pelt
674;pancham;80;6;fighting;;iron-fist;mold-breaker
675;pangoro;1360;21;fighting;dark;iron-fist;mold-breaker
676;furfrou;280;12;normal;;fur-coat;
677;espurr;35;3;psychic;;keen-eye;infiltrator
678;meowstic-male;85;6;psychic;;keen-eye;infiltrator
679;honedge;20;8;steel;ghost;no-guard;
680;doublade;45;8;steel;ghost;no-guard;
681;aegislash-shield;530;17;steel;ghost;stance-change;
682;spritzee;5;2;fairy;;healer;aroma-veil
683;aromatisse;155;8;fairy;;healer;aroma-veil
684;swirlix;35;4;fairy;;sweet-veil;unburden
685;slurpuff;50;8;fairy;;sweet-veil;unburden
686;inkay;35;4;dark;psychic;contrary;suction-cups
687;malamar;470;15;dark;psychic;contrary;suction-cups
688;binacle;310;5;rock;water;tough-claws;sniper
689;barbaracle;960;13;rock;water;tough-claws;sniper
690;skrelp;73;5;poison;water;poison-point;poison-touch
691;dragalge;815;18;poison;dragon;poison-point;poison-touch
692;clauncher;83;5;water;;mega-launcher;
693;clawitzer;353;13;water;;mega-launcher;
694;helioptile;60;5;electric;normal;dry-skin;sand-veil
695;heliolisk;210;10;electric;normal;dry-skin;sand-veil
696;tyrunt;260;8;rock;dragon;strong-jaw;sturdy
697;tyrantrum;2700;25;rock;dragon;strong-jaw;rock-head
698;amaura;252;13;rock;ice;refrigerate;snow-warning
699;aurorus;2250;27;rock;ice;refrigerate;snow-warning
700;sylveon;235;10;fairy;;cute-charm;pixilate
701;hawlucha;215;8;fighting;flying;limber;unburden
702;dedenne;22;2;electric;fairy;cheek-pouch;pickup
703;carbink;57;3;rock;fairy;clear-body;sturdy
704;goomy;28;3;dragon;;sap-sipper;hydration
705;sliggoo;175;8;dragon;;sap-sipper;hydration
706;goodra;1505;20;dragon;;sap-sipper;hydration
707;klefki;30;2;steel;fairy;prankster;magician
708;phantump;70;4;ghost;grass;natural-cure;frisk
709;trevenant;710;15;ghost;grass;natural-cure;frisk
710;pumpkaboo-average;50;4;ghost;grass;pickup;frisk
711;gourgeist-average;125;9;ghost;grass;pickup;frisk
712;bergmite;995;10;ice;;own-tempo;ice-body
713;avalugg;5050;20;ice;;own-tempo;ice-body
714;noibat;80;5;flying;dragon;frisk;infiltrator
715;noivern;850;15;flying;dragon;frisk;infiltrator
716;xerneas;2150;30;fairy;;fairy-aura;
717;yveltal;2030;58;dark;flying;dark-aura;
718;zygarde-50;3050;50;dragon;ground;aura-break;
719;diancie;88;7;rock;fairy;clear-body;
720;hoopa;90;5;psychic;ghost;magician;
721;volcanion;1950;17;fire;water;water-absorb;
722;rowlet;15;3;grass;flying;overgrow;long-reach
723;dartrix;160;7;grass;flying;overgrow;long-reach
724;decidueye;366;16;grass;ghost;overgrow;long-reach
725;litten;43;4;fire;;blaze;intimidate
726;torracat;250;7;fire;;blaze;intimidate
727;incineroar;830;18;fire;dark;blaze;intimidate
728;popplio;75;4;water;;torrent;liquid-voice
729;brionne;175;6;water;;torrent;liquid-voice
730;primarina;440;18;water;fairy;torrent;liquid-voice
731;pikipek;12;3;normal;flying;keen-eye;skill-link
732;trumbeak;148;6;normal;flying;keen-eye;skill-link
733;toucannon;260;11;normal;flying;keen-eye;skill-link
734;yungoos;60;4;normal;;stakeout;strong-jaw
735;gumshoos;142;7;normal;;stakeout;strong-jaw
736;grubbin;44;4;bug;;swarm;
737;charjabug;105;5;bug;electric;battery;
738;vikavolt;450;15;bug;electric;levitate;
739;crabrawler;70;6;fighting;;hyper-cutter;iron-fist
740;crabominable;1800;17;fighting;ice;hyper-cutter;iron-fist
741;oricorio-baile;34;6;fire;flying;dancer;
742;cutiefly;2;1;bug;fairy;honey-gather;shield-dust
743;ribombee;5;2;bug;fairy;honey-gather;shield-dust
744;rockruff;92;5;rock;;keen-eye;vital-spirit
745;lycanroc-midday;250;8;rock;;keen-eye;sand-rush
746;wishiwashi-solo;3;2;water;;schooling;
747;mareanie;80;4;poison;water;merciless;limber
748;toxapex;145;7;poison;water;merciless;limber
749;mudbray;1100;10;ground;;own-tempo;stamina
750;mudsdale;9200;25;ground;;own-tempo;stamina
751;dewpider;40;3;water;bug;water-bubble;water-absorb
752;araquanid;820;18;water;bug;water-bubble;water-absorb
753;fomantis;15;3;grass;;leaf-guard;contrary
754;lurantis;185;9;grass;;leaf-guard;contrary
755;morelull;15;2;grass;fairy;illuminate;effect-spore
756;shiinotic;115;10;grass;fairy;illuminate;effect-spore
757;salandit;48;6;poison;fire;corrosion;oblivious
758;salazzle;222;12;poison;fire;corrosion;oblivious
759;stufful;68;5;normal;fighting;fluffy;klutz
760;bewear;1350;21;normal;fighting;fluffy;klutz
761;bounsweet;32;3;grass;;leaf-guard;oblivious
762;steenee;82;7;grass;;leaf-guard;oblivious
763;tsareena;214;12;grass;;leaf-guard;queenly-majesty
764;comfey;3;1;fairy;;flower-veil;triage
765;oranguru;760;15;normal;psychic;inner-focus;telepathy
766;passimian;828;20;fighting;;receiver;defiant
767;wimpod;120;5;bug;water;wimp-out;
768;golisopod;1080;20;bug;water;emergency-exit;
769;sandygast;700;5;ghost;ground;water-compaction;sand-veil
770;palossand;2500;13;ghost;ground;water-compaction;sand-veil
771;pyukumuku;12;3;water;;innards-out;unaware
772;type-null;1205;19;normal;;battle-armor;
773;silvally;1005;23;normal;;rks-system;
774;minior-red-meteor;400;3;rock;flying;shields-down;
775;komala;199;4;normal;;comatose;
776;turtonator;2120;20;fire;dragon;shell-armor;
777;togedemaru;33;3;electric;steel;iron-barbs;lightning-rod
778;mimikyu-disguised;7;2;ghost;fairy;disguise;
779;bruxish;190;9;water;psychic;dazzling;strong-jaw
780;drampa;1850;30;normal;dragon;berserk;sap-sipper
781;dhelmise;2100;39;ghost;grass;steelworker;
782;jangmo-o;297;6;dragon;;bulletproof;soundproof
783;hakamo-o;470;12;dragon;fighting;bulletproof;soundproof
784;kommo-o;782;16;dragon;fighting;bulletproof;soundproof
785;tapu-koko;205;18;electric;fairy;electric-surge;telepathy
786;tapu-lele;186;12;psychic;fairy;psychic-surge;telepathy
787;tapu-bulu;455;19;grass;fairy;grassy-surge;telepathy
788;tapu-fini;212;13;water;fairy;misty-surge;telepathy
789;cosmog;1;2;psychic;;unaware;
790;cosmoem;9999;1;psychic;;sturdy;
791;solgaleo;2300;34;psychic;steel;full-metal-body;
792;lunala;1200;40;psychic;ghost;shadow-shield;
793;nihilego;555;12;rock;poison;beast-boost;
794;buzzwole;3336;24;bug;fighting;beast-boost;
795;pheromosa;250;18;bug;fighting;beast-boost;
796;xurkitree;1000;38;electric;;beast-boost;
797;celesteela;9999;92;steel;flying;beast-boost;
798;kartana;1;3;grass;steel;beast-boost;
799;guzzlord;8880;55;dark;dragon;beast-boost;
800;necrozma;2300;24;psychic;;prism-armor;
801;magearna;805;10;steel;fairy;soul-heart;
802;marshadow;222;7;fighting;ghost;technician;
803;poipole;18;6;poison;;beast-boost;
804;naganadel;1500;36;poison;dragon;beast-boost;
805;stakataka;8200;55;rock;steel;beast-boost;
806;blacephalon;130;18;fire;ghost;beast-boost;
807;zeraora;445;15;electric;;volt-absorb;
808;meltan;80;2;steel;;magnet-pull;
809;melmetal;8000;25;steel;;iron-fist;
810;grookey;50;3;grass;;overgrow;grassy-surge
811;thwackey;140;7;grass;;overgrow;grassy-surge
812;rillaboom;900;21;grass;;overgrow;grassy-surge
813;scorbunny;45;3;fire;;blaze;libero
814;raboot;90;6;fire;;blaze;libero
815;cinderace;330;14;fire;;blaze;libero
816;sobble;40;3;water;;torrent;sniper
817;drizzile;115;7;water;;torrent;sniper
818;inteleon;452;19;water;;torrent;sniper
819;skwovet;25;3;normal;;cheek-pouch;gluttony
820;greedent;60;6;normal;;cheek-pouch;gluttony
821;rookidee;18;2;flying;;keen-eye;unnerve
822;corvisquire;160;8;flying;;keen-eye;unnerve
823;corviknight;750;22;flying;steel;pressure;unnerve
824;blipbug;80;4;bug;;swarm;compound-eyes
825;dottler;195;4;bug;psychic;swarm;compound-eyes
826;orbeetle;408;4;bug;psychic;swarm;frisk
827;nickit;89;6;dark;;run-away;unburden
828;thievul;199;12;dark;;run-away;unburden
829;gossifleur;22;4;grass;;cotton-down;regenerator
830;eldegoss;25;5;grass;;cotton-down;regenerator
831;wooloo;60;6;normal;;fluffy;run-away
832;dubwool;430;13;normal;;fluffy;steadfast
833;chewtle;85;3;water;;strong-jaw;shell-armor
834;drednaw;1155;10;water;rock;strong-jaw;shell-armor
835;yamper;135;3;electric;;ball-fetch;rattled
836;boltund;340;10;electric;;strong-jaw;competitive
837;rolycoly;120;3;rock;;steam-engine;heatproof
838;carkol;780;11;rock;fire;steam-engine;flame-body
839;coalossal;3105;28;rock;fire;steam-engine;flame-body
840;applin;5;2;grass;dragon;ripen;gluttony
841;flapple;10;3;grass;dragon;ripen;gluttony
842;appletun;130;4;grass;dragon;ripen;gluttony
843;silicobra;76;22;ground;;sand-spit;shed-skin
844;sandaconda;655;38;ground;;sand-spit;shed-skin
846;arrokuda;10;5;water;;swift-swim;propeller-tail
847;barraskewda;300;13;water;;swift-swim;propeller-tail
848;toxel;110;4;electric;poison;rattled;static
849;toxtricity-amped;400;16;electric;poison;punk-rock;plus
850;sizzlipede;10;7;fire;bug;flash-fire;white-smoke
851;centiskorch;1200;30;fire;bug;flash-fire;white-smoke
852;clobbopus;40;6;fighting;;limber;technician
853;grapploct;390;16;fighting;;limber;technician
854;sinistea;2;1;ghost;;weak-armor;cursed-body
855;polteageist;4;2;ghost;;weak-armor;cursed-body
856;hatenna;34;4;psychic;;healer;anticipation
857;hattrem;48;6;psychic;;healer;anticipation
858;hatterene;51;21;psychic;fairy;healer;anticipation
859;impidimp;55;4;dark;fairy;prankster;frisk
860;morgrem;125;8;dark;fairy;prankster;frisk
861;grimmsnarl;610;15;dark;fairy;prankster;frisk
862;obstagoon;460;16;dark;normal;reckless;guts
863;perrserker;280;8;steel;;battle-armor;tough-claws
864;cursola;4;10;ghost;;weak-armor;perish-body
865;sirfetchd;1170;8;fighting;;steadfast;scrappy
866;mr-rime;582;15;ice;psychic;tangled-feet;screen-cleaner
867;runerigus;666;16;ground;ghost;wandering-spirit;
868;milcery;3;2;fairy;;sweet-veil;aroma-veil
869;alcremie;5;3;fairy;;sweet-veil;aroma-veil
870;falinks;620;30;fighting;;battle-armor;defiant
871;pincurchin;10;3;electric;;lightning-rod;electric-surge
872;snom;38;3;ice;bug;shield-dust;ice-scales
873;frosmoth;420;13;ice;bug;shield-dust;ice-scales
874;stonjourner;5200;25;rock;;power-spot;
875;eiscue-ice;890;14;ice;;ice-face;
876;indeedee-male;280;9;psychic;normal;inner-focus;synchronize
877;morpeko-full-belly;30;3;electric;dark;hunger-switch;
878;cufant;1000;12;steel;;sheer-force;heavy-metal
879;copperajah;6500;30;steel;;sheer-force;heavy-metal
880;dracozolt;1900;18;electric;dragon;volt-absorb;hustle
881;arctozolt;1500;23;electric;ice;volt-absorb;static
882;dracovish;2150;23;water;dragon;water-absorb;strong-jaw
883;arctovish;1750;20;water;ice;water-absorb;ice-body
884;duraludon;400;18;steel;dragon;light-metal;heavy-metal
885;dreepy;20;5;dragon;ghost;clear-body;infiltrator
886;drakloak;110;14;dragon;ghost;clear-body;infiltrator
887;dragapult;500;30;dragon;ghost;clear-body;infiltrator
888;zacian;1100;28;fairy;;intrepid-sword;
889;zamazenta;2100;29;fighting;;dauntless-shield;
890;eternatus;9500;200;poison;dragon;pressure;
891;kubfu;120;6;fighting;;inner-focus;
892;urshifu-single-strike;1050;19;fighting;dark;unseen-fist;
893;zarude;700;18;dark;grass;leaf-guard;
894;regieleki;1450;12;electric;;transistor;
895;regidrago;2000;21;dragon;;dragons-maw;
896;glastrier;8000;22;ice;;chilling-neigh;
897;spectrier;445;20;ghost;;grim-neigh;
898;calyrex;77;11;psychic;grass;unnerve;
899;wyrdeer;951;18;normal;psychic;intimidate;frisk
900;kleavor;890;18;bug;rock;swarm;sheer-force
901;ursaluna;2900;24;ground;normal;guts;bulletproof
902;basculegion-male;1100;30;water;ghost;swift-swim;adaptability
903;sneasler;430;13;fighting;poison;pressure;unburden
904;overqwil;605;25;dark;poison;poison-point;swift-swim
905;enamorus-incarnate;480;16;fairy;flying;cute-charm;contrary
906;sprigatito;41;4;grass;;overgrow;protean
907;floragato;122;9;grass;;overgrow;protean
908;meowscarada;312;15;grass;dark;overgrow;protean
909;fuecoco;98;4;fire;;blaze;unaware
910;crocalor;307;10;fire;;blaze;unaware
911;skeledirge;3265;16;fire;ghost;blaze;unaware
912;quaxly;61;5;water;;torrent;moxie
913;quaxwell;215;12;water;;torrent;moxie
914;quaquaval;619;18;water;fighting;torrent;moxie
915;lechonk;102;5;normal;;aroma-veil;gluttony
916;oinkologne;1200;10;normal;;lingering-aroma;gluttony
917;tarountula;40;3;bug;;insomnia;stakeout
918;spidops;165;10;bug;;insomnia;stakeout
919;nymble;10;2;bug;;swarm;tinted-lens
920;lokix;175;10;bug;dark;swarm;tinted-lens
921;pawmi;25;3;electric;;static;natural-cure
922;pawmo;65;4;electric;fighting;volt-absorb;natural-cure
923;pawmot;410;9;electric;fighting;volt-absorb;natural-cure
924;tandemaus;18;3;normal;;run-away;pickup
925;maushold;23;3;normal;;friend-guard;cheek-pouch
926;fidough;109;3;fairy;;own-tempo;klutz
927;dachsbun;149;5;fairy;;well-baked-body;aroma-veil
928;smoliv;65;3;grass;normal;early-bird;harvest
929;dolliv;119;6;grass;normal;early-bird;harvest
930;arboliva;482;14;grass;normal;seed-sower;harvest
931;squawkabilly;24;6;normal;flying;intimidate;hustle
932;nacli;160;4;rock;;purifying-salt;sturdy
933;naclstack;1050;6;rock;;purifying-salt;sturdy
934;garganacl;2400;23;rock;;purifying-salt;sturdy
935;charcadet;105;6;fire;;flash-fire;flame-body
936;armarouge;850;15;fire;psychic;flash-fire;weak-armor
937;ceruledge;620;16;fire;ghost;flash-fire;weak-armor
938;tadbulb;4;3;electric;;own-tempo;static
939;bellibolt;1130;12;electric;;electromorphosis;static
940;wattrel;36;4;electric;flying;wind-power;volt-absorb
941;kilowattrel;386;14;electric;flying;wind-power;volt-absorb
942;maschiff;160;5;dark;;intimidate;run-away
943;mabosstiff;610;11;dark;;intimidate;guard-dog
944;shroodle;7;2;poison;normal;unburden;pickpocket
945;grafaiai;272;7;poison;normal;unburden;poison-touch
946;bramblin;6;6;grass;ghost;wind-rider;infiltrator
947;brambleghast;60;12;grass;ghost;wind-rider;infiltrator
948;toedscool;330;9;ground;grass;mycelium-might;mycelium-might
949;toedscruel;580;19;ground;grass;mycelium-might;mycelium-might
950;klawf;790;13;rock;;anger-shell;shell-armor
951;capsakid;30;3;grass;;chlorophyll;insomnia
952;scovillain;150;9;grass;fire;chlorophyll;insomnia
953;rellor;10;2;bug;;compound-eyes;shed-skin
954;rabsca;35;3;bug;psychic;synchronize;telepathy
955;flittle;15;2;psychic;;anticipation;frisk
956;espathra;900;19;psychic;;opportunist;frisk
957;tinkatink;89;4;fairy;steel;mold-breaker;own-tempo
958;tinkatuff;591;7;fairy;steel;mold-breaker;own-tempo
959;tinkaton;1128;7;fairy;steel;mold-breaker;own-tempo
960;wiglett;18;12;water;;gooey;rattled
961;wugtrio;54;12;water;;gooey;rattled
962;bombirdier;429;15;flying;dark;big-pecks;keen-eye
963;finizen;602;13;water;;water-veil;water-veil
964;palafin;602;13;water;;zero-to-hero;zero-to-hero
965;varoom;350;10;steel;poison;overcoat;slow-start
966;revavroom;1200;18;steel;poison;overcoat;filter
967;cyclizar;630;16;dragon;normal;shed-skin;regenerator
968;orthworm;3100;25;steel;;earth-eater;sand-veil
969;glimmet;80;7;rock;poison;toxic-debris;corrosion
970;glimmora;450;15;rock;poison;toxic-debris;corrosion
971;greavard;350;6;ghost;;pickup;fluffy
972;houndstone;150;20;ghost;;sand-rush;fluffy
973;flamigo;370;16;flying;fighting;scrappy;tangled-feet
974;cetoddle;450;12;ice;;thick-fat;snow-cloak
975;cetitan;7000;45;ice;;thick-fat;slush-rush
976;veluza;900;25;water;psychic;mold-breaker;sharpness
977;dondozo;2200;120;water;;unaware;oblivious
978;tatsugiri;80;3;dragon;water;commander;storm-drain
979;annihilape;560;12;fighting;ghost;vital-spirit;inner-focus
980;clodsire;2230;18;poison;ground;poison-point;water-absorb
981;farigiraf;1600;32;normal;psychic;cud-chew;armor-tail
982;dudunsparce;392;36;normal;;serene-grace;run-away
983;kingambit;1200;20;dark;steel;defiant;supreme-overlord
984;great-tusk;3200;22;ground;fighting;protosynthesis;protosynthesis
985;scream-tail;80;12;fairy;psychic;protosynthesis;protosynthesis
986;brute-bonnet;210;12;grass;dark;protosynthesis;protosynthesis
987;flutter-mane;40;14;ghost;fairy;protosynthesis;protosynthesis
988;slither-wing;920;32;bug;fighting;protosynthesis;protosynthesis
989;sandy-shocks;600;23;electric;ground;protosynthesis;protosynthesis
990;iron-treads;2400;9;ground;steel;quark-drive;quark-drive
991;iron-bundle;110;6;ice;water;quark-drive;quark-drive
992;iron-hands;3807;18;fighting;electric;quark-drive;quark-drive
993;iron-jugulis;1110;13;dark;flying;quark-drive;quark-drive
994;iron-moth;360;12;fire;poison;quark-drive;quark-drive
995;iron-thorns;3030;16;rock;electric;quark-drive;quark-drive
996;frigibax;170;5;dragon;ice;thermal-exchange;ice-body
997;arctibax;300;8;dragon;ice;thermal-exchange;ice-body
998;baxcalibur;2100;21;dragon;ice;thermal-exchange;ice-body
999;gimmighoul;50;3;ghost;;rattled;rattled
1000;gholdengo;300;12;steel;ghost;good-as-gold;good-as-gold
1001;wo-chien;742;15;dark;grass;tablets-of-ruin;tablets-of-ruin
1002;chien-pao;1522;19;dark;ice;sword-of-ruin;sword-of-ruin
1003;ting-lu;6997;27;dark;ground;vessel-of-ruin;vessel-of-ruin
1004;chi-yu;49;4;dark;fire;beads-of-ruin;beads-of-ruin
1005;roaring-moon;3800;20;dragon;dark;protosynthesis;protosynthesis
1006;iron-valiant;350;14;fairy;fighting;quark-drive;quark-drive
1007;koraidon;3030;25;fighting;dragon;orichalcum-pulse;orichalcum-pulse
1008;miraidon;2400;35;electric;dragon;hadron-engine;hadron-engine
1009;walking-wake;2800;35;water;dragon;protosynthesis;protosynthesis
1010;iron-leaves;1250;15;grass;psychic;quark-drive;quark-drive
1011;dipplin;97;4;grass;dragon;supersweet-syrup;gluttony
1012;poltchageist;11;1;grass;ghost;hospitality;heatproof
1013;sinistcha;22;2;grass;ghost;hospitality;heatproof
1014;okidogi;922;18;poison;fighting;toxic-chain;guard-dog
1015;munkidori;122;10;poison;psychic;toxic-chain;frisk
1016;fezandipiti;301;14;poison;fairy;toxic-chain;technician
1017;ogerpon;398;12;grass;;defiant;
1018;archaludon;600;20;steel;dragon;stamina;sturdy
1019;hydrapple;930;18;grass;dragon;supersweet-syrup;regenerator
1020;gouging-fire;5900;35;fire;dragon;protosynthesis;
1021;raging-bolt;4800;52;electric;dragon;protosynthesis;
1022;iron-boulder;1625;15;rock;psychic;quark-drive;
1023;iron-crown;1560;16;steel;psychic;quark-drive;
1024;terapagos;65;2;normal;;tera-shift;
1025;pecharunt;3;3;poison;ghost;poison-puppeteer;
10001;deoxys-attack;608;17;psychic;;pressure;
10002;deoxys-defense;608;17;psychic;;pressure;
10003;deoxys-speed;608;17;psychic;;pressure;
10004;wormadam-sandy;65;5;bug;ground;anticipation;overcoat
10005;wormadam-trash;65;5;bug;steel;anticipation;overcoat
10006;shaymin-sky;52;4;grass;flying;serene-grace;
10007;giratina-origin;6500;69;ghost;dragon;levitate;
10008;rotom-heat;3;3;electric;fire;levitate;
10009;rotom-wash;3;3;electric;water;levitate;
10010;rotom-frost;3;3;electric;ice;levitate;
10011;rotom-fan;3;3;electric;flying;levitate;
10012;rotom-mow;3;3;electric;grass;levitate;
10013;castform-sunny;8;3;fire;;forecast;
10014;castform-rainy;8;3;water;;forecast;
10015;castform-snowy;8;3;ice;;forecast;
10016;basculin-blue-striped;180;10;water;;rock-head;adaptability
10017;darmanitan-zen;929;13;fire;psychic;sheer-force;zen-mode
10018;meloetta-pirouette;65;6;normal;fighting;serene-grace;
10019;tornadus-therian;630;14;flying;;regenerator;
10020;thundurus-therian;610;30;electric;flying;volt-absorb;
10021;landorus-therian;680;13;ground;flying;intimidate;
10022;kyurem-black;3250;33;dragon;ice;teravolt;
10023;kyurem-white;3250;36;dragon;ice;turboblaze;
10024;keldeo-resolute;485;14;water;fighting;justified;
10025;meowstic-female;85;6;psychic;;keen-eye;infiltrator
10026;aegislash-blade;530;17;steel;ghost;stance-change;
10027;pumpkaboo-small;35;3;ghost;grass;pickup;frisk
10028;pumpkaboo-large;75;5;ghost;grass;pickup;frisk
10029;pumpkaboo-super;150;8;ghost;grass;pickup;frisk
10030;gourgeist-small;95;7;ghost;grass;pickup;frisk
10031;gourgeist-large;140;11;ghost;grass;pickup;frisk
10032;gourgeist-super;390;17;ghost;grass;pickup;frisk
10033;venusaur-mega;1555;24;grass;poison;thick-fat;
10034;charizard-mega-x;1105;17;fire;dragon;tough-claws;
10035;charizard-mega-y;1005;17;fire;flying;drought;
10036;blastoise-mega;1011;16;water;;mega-launcher;
10037;alakazam-mega;480;12;psychic;;trace;
10038;gengar-mega;405;14;ghost;poison;shadow-tag;
10039;kangaskhan-mega;1000;22;normal;;parental-bond;
10040;pinsir-mega;590;17;bug;flying;aerilate;
10041;gyarados-mega;3050;65;water;dark;mold-breaker;
10042;aerodactyl-mega;790;21;rock;flying;tough-claws;
10043;mewtwo-mega-x;1270;23;psychic;fighting;steadfast;
10044;mewtwo-mega-y;330;15;psychic;;insomnia;
10045;ampharos-mega;615;14;electric;dragon;mold-breaker;
10046;scizor-mega;1250;20;bug;steel;technician;
10047;heracross-mega;625;17;bug;fighting;skill-link;
10048;houndoom-mega;495;19;dark;fire;solar-power;
10049;tyranitar-mega;2550;25;rock;dark;sand-stream;
10050;blaziken-mega;520;19;fire;fighting;speed-boost;
10051;gardevoir-mega;484;16;psychic;fairy;pixilate;
10052;mawile-mega;235;10;steel;fairy;huge-power;
10053;aggron-mega;3950;22;steel;;filter;
10054;medicham-mega;315;13;fighting;psychic;pure-power;
10055;manectric-mega;440;18;electric;;intimidate;
10056;banette-mega;130;12;ghost;;prankster;
10057;absol-mega;490;12;dark;;magic-bounce;
10058;garchomp-mega;950;19;dragon;ground;sand-force;
10059;lucario-mega;575;13;fighting;steel;adaptability;
10060;abomasnow-mega;1850;27;grass;ice;snow-warning;
10061;floette-eternal;9;2;fairy;;flower-veil;symbiosis
10062;latias-mega;520;18;dragon;psychic;levitate;
10063;latios-mega;700;23;dragon;psychic;levitate;
10064;swampert-mega;1020;19;water;ground;swift-swim;
10065;sceptile-mega;552;19;grass;dragon;lightning-rod;
10066;sableye-mega;1610;5;dark;ghost;magic-bounce;
10067;altaria-mega;206;15;dragon;fairy;pixilate;
10068;gallade-mega;564;16;psychic;fighting;inner-focus;
10069;audino-mega;320;15;normal;fairy;healer;
10070;sharpedo-mega;1303;25;water;dark;strong-jaw;
10071;slowbro-mega;1200;20;water;psychic;shell-armor;
10072;steelix-mega;7400;105;steel;ground;sand-force;
10073;pidgeot-mega;505;22;normal;flying;no-guard;
10074;glalie-mega;3502;21;ice;;refrigerate;
10075;diancie-mega;278;11;rock;fairy;magic-bounce;
10076;metagross-mega;9429;25;steel;psychic;tough-claws;
10077;kyogre-primal;4300;98;water;;primordial-sea;
10078;groudon-primal;9997;50;ground;fire;desolate-land;
10079;rayquaza-mega;3920;108;dragon;flying;delta-stream;
10080;pikachu-rock-star;60;4;electric;;static;lightning-rod
10081;pikachu-belle;60;4;electric;;static;lightning-rod
10082;pikachu-pop-star;60;4;electric;;static;lightning-rod
10083;pikachu-phd;60;4;electric;;static;lightning-rod
10084;pikachu-libre;60;4;electric;;static;lightning-rod
10085;pikachu-cosplay;60;4;electric;;static;lightning-rod
10086;hoopa-unbound;4900;65;psychic;dark;magician;
10087;camerupt-mega;3205;25;fire;ground;sheer-force;
10088;lopunny-mega;283;13;normal;fighting;scrappy;
10089;salamence-mega;1126;18;dragon;flying;aerilate;
10090;beedrill-mega;405;14;bug;poison;adaptability;
10091;rattata-alola;38;3;dark;normal;gluttony;hustle
10092;raticate-alola;255;7;dark;normal;gluttony;hustle
10093;raticate-totem-alola;1050;14;dark;normal;gluttony;hustle
10094;pikachu-original-cap;60;4;electric;;static;lightning-rod
10095;pikachu-hoenn-cap;60;4;electric;;static;lightning-rod
10096;pikachu-sinnoh-cap;60;4;electric;;static;lightning-rod
10097;pikachu-unova-cap;60;4;electric;;static;lightning-rod
10098;pikachu-kalos-cap;60;4;electric;;static;lightning-rod
10099;pikachu-alola-cap;60;4;electric;;static;lightning-rod
10100;raichu-alola;210;7;electric;psychic;surge-surfer;
10101;sandshrew-alola;400;7;ice;steel;snow-cloak;slush-rush
10102;sandslash-alola;550;12;ice;steel;snow-cloak;slush-rush
10103;vulpix-alola;99;6;ice;;snow-cloak;snow-warning
10104;ninetales-alola;199;11;ice;fairy;snow-cloak;snow-warning
10105;diglett-alola;10;2;ground;steel;sand-veil;tangling-hair
10106;dugtrio-alola;666;7;ground;steel;sand-veil;tangling-hair
10107;meowth-alola;42;4;dark;;pickup;technician
10108;persian-alola;330;11;dark;;fur-coat;technician
10109;geodude-alola;203;4;rock;electric;magnet-pull;sturdy
10110;graveler-alola;1100;10;rock;electric;magnet-pull;sturdy
10111;golem-alola;3160;17;rock;electric;magnet-pull;sturdy
10112;grimer-alola;420;7;poison;dark;poison-touch;gluttony
10113;muk-alola;520;10;poison;dark;poison-touch;gluttony
10114;exeggutor-alola;4156;109;grass;dragon;frisk;harvest
10115;marowak-alola;340;10;fire;ghost;cursed-body;lightning-rod
10116;greninja-battle-bond;400;15;water;dark;battle-bond;
10117;greninja-ash;400;15;water;dark;battle-bond;
10118;zygarde-10-power-construct;335;12;dragon;ground;power-construct;
10119;zygarde-50-power-construct;3050;50;dragon;ground;power-construct;
10120;zygarde-complete;6100;45;dragon;ground;power-construct;
10121;gumshoos-totem;600;14;normal;;stakeout;strong-jaw
10122;vikavolt-totem;1475;26;bug;electric;levitate;
10123;oricorio-pom-pom;34;6;electric;flying;dancer;
10124;oricorio-pau;34;6;psychic;flying;dancer;
10125;oricorio-sensu;34;6;ghost;flying;dancer;
10126;lycanroc-midnight;250;11;rock;;keen-eye;vital-spirit
10127;wishiwashi-school;786;82;water;;schooling;
10128;lurantis-totem;580;15;grass;;leaf-guard;contrary
10129;salazzle-totem;810;21;poison;fire;corrosion;oblivious
10130;minior-orange-meteor;400;3;rock;flying;shields-down;
10131;minior-yellow-meteor;400;3;rock;flying;shields-down;
10132;minior-green-meteor;400;3;rock;flying;shields-down;
10133;minior-blue-meteor;400;3;rock;flying;shields-down;
10134;minior-indigo-meteor;400;3;rock;flying;shields-down;
10135;minior-violet-meteor;400;3;rock;flying;shields-down;
10136;minior-red;3;3;rock;flying;shields-down;
10137;minior-orange;3;3;rock;flying;shields-down;
10138;minior-yellow;3;3;rock;flying;shields-down;
10139;minior-green;3;3;rock;flying;shields-down;
10140;minior-blue;3;3;rock;flying;shields-down;
10141;minior-indigo;3;3;rock;flying;shields-down;
10142;minior-violet;3;3;rock;flying;shields-down;
10143;mimikyu-busted;7;2;ghost;fairy;disguise;
10144;mimikyu-totem-disguised;28;4;ghost;fairy;disguise;
10145;mimikyu-totem-busted;28;4;ghost;fairy;disguise;
10146;kommo-o-totem;2075;24;dragon;fighting;bulletproof;soundproof
10147;magearna-original;805;10;steel;fairy;soul-heart;
10148;pikachu-partner-cap;60;4;electric;;static;lightning-rod
10149;marowak-totem;980;17;fire;ghost;cursed-body;lightning-rod
10150;ribombee-totem;20;4;bug;fairy;honey-gather;shield-dust
10151;rockruff-own-tempo;92;5;rock;;own-tempo;
10152;lycanroc-dusk;250;8;rock;;tough-claws;
10153;araquanid-totem;2175;31;water;bug;water-bubble;water-absorb
10154;togedemaru-totem;130;6;electric;steel;iron-barbs;lightning-rod
10155;necrozma-dusk;4600;38;psychic;steel;prism-armor;
10156;necrozma-dawn;3500;42;psychic;ghost;prism-armor;
10157;necrozma-ultra;2300;75;psychic;dragon;neuroforce;
10158;pikachu-starter;60;4;electric;;static;lightning-rod
10159;eevee-starter;65;3;normal;;run-away;adaptability
10160;pikachu-world-cap;60;4;electric;;static;lightning-rod
10161;meowth-galar;75;4;steel;;pickup;tough-claws
10162;ponyta-galar;240;8;psychic;;run-away;pastel-veil
10163;rapidash-galar;800;17;psychic;fairy;run-away;pastel-veil
10164;slowpoke-galar;360;12;psychic;;gluttony;own-tempo
10165;slowbro-galar;705;16;poison;psychic;quick-draw;own-tempo
10166;farfetchd-galar;420;8;fighting;;steadfast;scrappy
10167;weezing-galar;160;30;poison;fairy;levitate;neutralizing-gas
10168;mr-mime-galar;568;14;ice;psychic;vital-spirit;screen-cleaner
10169;articuno-galar;509;17;psychic;flying;competitive;
10170;zapdos-galar;582;16;fighting;flying;defiant;
10171;moltres-galar;660;20;dark;flying;berserk;
10172;slowking-galar;795;18;poison;psychic;curious-medicine;own-tempo
10173;corsola-galar;5;6;ghost;;weak-armor;cursed-body
10174;zigzagoon-galar;175;4;dark;normal;pickup;gluttony
10175;linoone-galar;325;5;dark;normal;pickup;gluttony
10176;darumaka-galar;400;7;ice;;hustle;inner-focus
10177;darmanitan-galar-standard;1200;17;ice;;gorilla-tactics;zen-mode
10178;darmanitan-galar-zen;1200;17;ice;fire;gorilla-tactics;zen-mode
10179;yamask-galar;15;5;ground;ghost;wandering-spirit;
10180;stunfisk-galar;205;7;ground;steel;mimicry;
10181;zygarde-10;335;12;dragon;ground;aura-break;
10182;cramorant-gulping;180;8;flying;water;gulp-missile;
10183;cramorant-gorging;180;8;flying;water;gulp-missile;
10184;toxtricity-low-key;400;16;electric;poison;punk-rock;minus
10185;eiscue-noice;890;14;ice;;ice-face;
10186;indeedee-female;280;9;psychic;normal;own-tempo;synchronize
10187;morpeko-hangry;30;3;electric;dark;hunger-switch;
10188;zacian-crowned;3550;28;fairy;steel;intrepid-sword;
10189;zamazenta-crowned;7850;29;fighting;steel;dauntless-shield;
10190;eternatus-eternamax;0;1000;poison;dragon;pressure;
10191;urshifu-rapid-strike;1050;19;fighting;water;unseen-fist;
10192;zarude-dada;700;18;dark;grass;leaf-guard;
10193;calyrex-ice;8091;24;psychic;ice;as-one-glastrier;
10194;calyrex-shadow;536;24;psychic;ghost;as-one-spectrier;
10195;venusaur-gmax;10000;240;grass;poison;overgrow;chlorophyll
10196;charizard-gmax;10000;280;fire;flying;blaze;solar-power
10197;blastoise-gmax;10000;250;water;;torrent;rain-dish
10198;butterfree-gmax;10000;170;bug;flying;compound-eyes;tinted-lens
10199;pikachu-gmax;10000;210;electric;;static;lightning-rod
10200;meowth-gmax;10000;330;normal;;pickup;technician
10201;machamp-gmax;10000;250;fighting;;guts;no-guard
10202;gengar-gmax;10000;200;ghost;poison;cursed-body;
10203;kingler-gmax;10000;190;water;;hyper-cutter;shell-armor
10204;lapras-gmax;10000;240;water;ice;water-absorb;shell-armor
10205;eevee-gmax;10000;180;normal;;run-away;adaptability
10206;snorlax-gmax;10000;350;normal;;immunity;thick-fat
10207;garbodor-gmax;10000;210;poison;;stench;weak-armor
10208;melmetal-gmax;10000;250;steel;;iron-fist;
10209;rillaboom-gmax;10000;280;grass;;overgrow;grassy-surge
10210;cinderace-gmax;10000;270;fire;;blaze;libero
10211;inteleon-gmax;10000;400;water;;torrent;sniper
10212;corviknight-gmax;10000;140;flying;steel;pressure;unnerve
10213;orbeetle-gmax;10000;140;bug;psychic;swarm;frisk
10214;drednaw-gmax;10000;240;water;rock;strong-jaw;shell-armor
10215;coalossal-gmax;10000;420;rock;fire;steam-engine;flame-body
10216;flapple-gmax;10000;240;grass;dragon;ripen;gluttony
10217;appletun-gmax;10000;240;grass;dragon;ripen;gluttony
10218;sandaconda-gmax;10000;220;ground;;sand-spit;shed-skin
10219;toxtricity-amped-gmax;10000;240;electric;poison;punk-rock;plus
10220;centiskorch-gmax;10000;750;fire;bug;flash-fire;white-smoke
10221;hatterene-gmax;10000;260;psychic;fairy;healer;anticipation
10222;grimmsnarl-gmax;10000;320;dark;fairy;prankster;frisk
10223;alcremie-gmax;10000;300;fairy;;sweet-veil;aroma-veil
10224;copperajah-gmax;10000;230;steel;;sheer-force;heavy-metal
10225;duraludon-gmax;10000;430;steel;dragon;light-metal;heavy-metal
10226;urshifu-single-strike-gmax;10000;290;fighting;dark;unseen-fist;
10227;urshifu-rapid-strike-gmax;10000;260;fighting;water;unseen-fist;
10228;toxtricity-low-key-gmax;10000;240;electric;poison;punk-rock;minus
10229;growlithe-hisui;227;8;fire;rock;intimidate;flash-fire
10230;arcanine-hisui;1680;20;fire;rock;intimidate;flash-fire
10231;voltorb-hisui;130;5;electric;grass;soundproof;static
10232;electrode-hisui;710;12;electric;grass;soundproof;static
10233;typhlosion-hisui;698;16;fire;ghost;blaze;frisk
10234;qwilfish-hisui;39;5;dark;poison;poison-point;swift-swim
10235;sneasel-hisui;270;9;fighting;poison;inner-focus;keen-eye
10236;samurott-hisui;582;15;water;dark;torrent;sharpness
10237;lilligant-hisui;192;12;grass;fighting;chlorophyll;hustle
10238;zorua-hisui;125;7;normal;ghost;illusion;
10239;zoroark-hisui;730;16;normal;ghost;illusion;
10240;braviary-hisui;434;17;psychic;flying;keen-eye;sheer-force
10241;sliggoo-hisui;685;7;steel;dragon;sap-sipper;shell-armor
10242;goodra-hisui;3341;17;steel;dragon;sap-sipper;shell-armor
10243;avalugg-hisui;2624;14;ice;rock;strong-jaw;ice-body
10244;decidueye-hisui;370;16;grass;fighting;overgrow;scrappy
10245;dialga-origin;8487;70;steel;dragon;pressure;telepathy
10246;palkia-origin;6590;63;water;dragon;pressure;telepathy
10247;basculin-white-striped;180;10;water;;rattled;adaptability
10248;basculegion-female;1100;30;water;ghost;swift-swim;adaptability
10249;enamorus-therian;480;16;fairy;flying;overcoat;
10250;tauros-paldea-combat-breed;1150;14;fighting;;intimidate;anger-point
10251;tauros-paldea-blaze-breed;850;14;fighting;fire;intimidate;anger-point
10252;tauros-paldea-aqua-breed;1100;14;fighting;water;intimidate;anger-point
10253;wooper-paldea;110;4;poison;ground;poison-point;water-absorb
10254;oinkologne-female;1200;10;normal;;aroma-veil;gluttony
10255;dudunsparce-three-segment;474;45;normal;;serene-grace;run-away
10256;palafin-hero;974;18;water;;zero-to-hero;zero-to-hero
10257;maushold-family-of-three;28;3;normal;;friend-guard;cheek-pouch
10258;tatsugiri-droopy;80;3;dragon;water;commander;storm-drain
10259;tatsugiri-stretchy;80;3;dragon;water;commander;storm-drain
10260;squawkabilly-blue-plumage;24;6;normal;flying;intimidate;hustle
10261;squawkabilly-yellow-plumage;24;6;normal;flying;intimidate;hustle
10262;squawkabilly-white-plumage;24;6;normal;flying;intimidate;hustle
10263;gimmighoul-roaming;10;1;ghost;;run-away;run-away
10264;koraidon-limited-build;3030;35;fighting;dragon;orichalcum-pulse;orichalcum-pulse
10265;koraidon-sprinting-build;3030;35;fighting;dragon;orichalcum-pulse;orichalcum-pulse
10266;koraidon-swimming-build;3030;35;fighting;dragon;orichalcum-pulse;orichalcum-pulse
10267;koraidon-gliding-build;3030;35;fighting;dragon;orichalcum-pulse;orichalcum-pulse
10268;miraidon-low-power-mode;2400;28;electric;dragon;hadron-engine;hadron-engine
10269;miraidon-drive-mode;2400;28;electric;dragon;hadron-engine;hadron-engine
10270;miraidon-aquatic-mode;2400;28;electric;dragon;hadron-engine;hadron-engine
10271;miraidon-glide-mode;2400;28;electric;dragon;hadron-engine;hadron-engine
10272;ursaluna-bloodmoon;2900;24;ground;normal;minds-eye;
10273;ogerpon-wellspring-mask;398;12;grass;water;water-absorb;
10274;ogerpon-hearthflame-mask;398;12;grass;fire;mold-breaker;
10275;ogerpon-cornerstone-mask;398;12;grass;rock;sturdy;
10276;terapagos-terastal;160;3;normal;;tera-shell;
10277;terapagos-stellar;770;17;normal;;teraform-zero;
